fixture,type,department,section,shelf,facing,x,y,depth,width
BULK,Bulk bin wall,Sales floor,1,1,1,1.5,23.50,3,
BULK,Bulk bin wall,Sales floor,1,1,2,1.5,23.50,3,
BULK,Bulk bin wall,Sales floor,1,2,1,1.5,23.50,3,
BULK,Bulk bin wall,Sales floor,1,2,2,1.5,23.50,3,
BULK,Bulk bin wall,Sales floor,1,3,1,1.5,23.50,3,
BULK,Bulk bin wall,Sales floor,1,3,2,1.5,23.50,3,
BULK,Bulk bin wall,Sales floor,1,4,1,1.5,23.50,3,
BULK,Bulk bin wall,Sales floor,1,4,2,1.5,23.50,3,
BULK,Bulk bin wall,Sales floor,2,1,1,1.5,26.50,3,
BULK,Bulk bin wall,Sales floor,2,1,2,1.5,26.50,3,
BULK,Bulk bin wall,Sales floor,2,2,1,1.5,26.50,3,
BULK,Bulk bin wall,Sales floor,2,2,2,1.5,26.50,3,
BULK,Bulk bin wall,Sales floor,2,3,1,1.5,26.50,3,
BULK,Bulk bin wall,Sales floor,2,3,2,1.5,26.50,3,
BULK,Bulk bin wall,Sales floor,2,4,1,1.5,26.50,3,
BULK,Bulk bin wall,Sales floor,2,4,2,1.5,26.50,3,
BULK,Bulk bin wall,Sales floor,3,1,1,1.5,29.50,3,
BULK,Bulk bin wall,Sales floor,3,1,2,1.5,29.50,3,
BULK,Bulk bin wall,Sales floor,3,2,1,1.5,29.50,3,
BULK,Bulk bin wall,Sales floor,3,2,2,1.5,29.50,3,
BULK,Bulk bin wall,Sales floor,3,3,1,1.5,29.50,3,
BULK,Bulk bin wall,Sales floor,3,3,2,1.5,29.50,3,
BULK,Bulk bin wall,Sales floor,3,4,1,1.5,29.50,3,
BULK,Bulk bin wall,Sales floor,3,4,2,1.5,29.50,3,
BULK,Bulk bin wall,Sales floor,4,1,1,1.5,32.50,3,
BULK,Bulk bin wall,Sales floor,4,1,2,1.5,32.50,3,
BULK,Bulk bin wall,Sales floor,4,2,1,1.5,32.50,3,
BULK,Bulk bin wall,Sales floor,4,2,2,1.5,32.50,3,
BULK,Bulk bin wall,Sales floor,4,3,1,1.5,32.50,3,
BULK,Bulk bin wall,Sales floor,4,3,2,1.5,32.50,3,
BULK,Bulk bin wall,Sales floor,4,4,1,1.5,32.50,3,
BULK,Bulk bin wall,Sales floor,4,4,2,1.5,32.50,3,
BULK,Bulk bin wall,Sales floor,5,1,1,1.5,35.50,3,
BULK,Bulk bin wall,Sales floor,5,1,2,1.5,35.50,3,
BULK,Bulk bin wall,Sales floor,5,2,1,1.5,35.50,3,
BULK,Bulk bin wall,Sales floor,5,2,2,1.5,35.50,3,
BULK,Bulk bin wall,Sales floor,5,3,1,1.5,35.50,3,
BULK,Bulk bin wall,Sales floor,5,3,2,1.5,35.50,3,
BULK,Bulk bin wall,Sales floor,5,4,1,1.5,35.50,3,
BULK,Bulk bin wall,Sales floor,5,4,2,1.5,35.50,3,
BULK,Bulk bin wall,Sales floor,6,1,1,1.5,38.50,3,
BULK,Bulk bin wall,Sales floor,6,1,2,1.5,38.50,3,
BULK,Bulk bin wall,Sales floor,6,2,1,1.5,38.50,3,
BULK,Bulk bin wall,Sales floor,6,2,2,1.5,38.50,3,
BULK,Bulk bin wall,Sales floor,6,3,1,1.5,38.50,3,
BULK,Bulk bin wall,Sales floor,6,3,2,1.5,38.50,3,
BULK,Bulk bin wall,Sales floor,6,4,1,1.5,38.50,3,
BULK,Bulk bin wall,Sales floor,6,4,2,1.5,38.50,3,
BULK,Bulk bin wall,Sales floor,7,1,1,1.5,41.50,3,
BULK,Bulk bin wall,Sales floor,7,1,2,1.5,41.50,3,
BULK,Bulk bin wall,Sales floor,7,2,1,1.5,41.50,3,
BULK,Bulk bin wall,Sales floor,7,2,2,1.5,41.50,3,
BULK,Bulk bin wall,Sales floor,7,3,1,1.5,41.50,3,
BULK,Bulk bin wall,Sales floor,7,3,2,1.5,41.50,3,
BULK,Bulk bin wall,Sales floor,7,4,1,1.5,41.50,3,
BULK,Bulk bin wall,Sales floor,7,4,2,1.5,41.50,3,
BULK,Bulk bin wall,Sales floor,8,1,1,1.5,44.50,3,
BULK,Bulk bin wall,Sales floor,8,1,2,1.5,44.50,3,
BULK,Bulk bin wall,Sales floor,8,2,1,1.5,44.50,3,
BULK,Bulk bin wall,Sales floor,8,2,2,1.5,44.50,3,
BULK,Bulk bin wall,Sales floor,8,3,1,1.5,44.50,3,
BULK,Bulk bin wall,Sales floor,8,3,2,1.5,44.50,3,
BULK,Bulk bin wall,Sales floor,8,4,1,1.5,44.50,3,
BULK,Bulk bin wall,Sales floor,8,4,2,1.5,44.50,3,
BULK,Bulk bin wall,Sales floor,9,1,1,1.5,47.50,3,
BULK,Bulk bin wall,Sales floor,9,1,2,1.5,47.50,3,
BULK,Bulk bin wall,Sales floor,9,2,1,1.5,47.50,3,
BULK,Bulk bin wall,Sales floor,9,2,2,1.5,47.50,3,
BULK,Bulk bin wall,Sales floor,9,3,1,1.5,47.50,3,
BULK,Bulk bin wall,Sales floor,9,3,2,1.5,47.50,3,
BULK,Bulk bin wall,Sales floor,9,4,1,1.5,47.50,3,
BULK,Bulk bin wall,Sales floor,9,4,2,1.5,47.50,3,
BULK,Bulk bin wall,Sales floor,10,1,1,1.5,50.50,3,
BULK,Bulk bin wall,Sales floor,10,1,2,1.5,50.50,3,
BULK,Bulk bin wall,Sales floor,10,2,1,1.5,50.50,3,
BULK,Bulk bin wall,Sales floor,10,2,2,1.5,50.50,3,
BULK,Bulk bin wall,Sales floor,10,3,1,1.5,50.50,3,
BULK,Bulk bin wall,Sales floor,10,3,2,1.5,50.50,3,
BULK,Bulk bin wall,Sales floor,10,4,1,1.5,50.50,3,
BULK,Bulk bin wall,Sales floor,10,4,2,1.5,50.50,3,
BULK,Bulk bin wall,Sales floor,11,1,1,1.5,53.50,3,
BULK,Bulk bin wall,Sales floor,11,1,2,1.5,53.50,3,
BULK,Bulk bin wall,Sales floor,11,2,1,1.5,53.50,3,
BULK,Bulk bin wall,Sales floor,11,2,2,1.5,53.50,3,
BULK,Bulk bin wall,Sales floor,11,3,1,1.5,53.50,3,
BULK,Bulk bin wall,Sales floor,11,3,2,1.5,53.50,3,
BULK,Bulk bin wall,Sales floor,11,4,1,1.5,53.50,3,
BULK,Bulk bin wall,Sales floor,11,4,2,1.5,53.50,3,
BULK,Bulk bin wall,Sales floor,12,1,1,1.5,56.50,3,
BULK,Bulk bin wall,Sales floor,12,1,2,1.5,56.50,3,
BULK,Bulk bin wall,Sales floor,12,2,1,1.5,56.50,3,
BULK,Bulk bin wall,Sales floor,12,2,2,1.5,56.50,3,
BULK,Bulk bin wall,Sales floor,12,3,1,1.5,56.50,3,
BULK,Bulk bin wall,Sales floor,12,3,2,1.5,56.50,3,
BULK,Bulk bin wall,Sales floor,12,4,1,1.5,56.50,3,
BULK,Bulk bin wall,Sales floor,12,4,2,1.5,56.50,3,
WALL,Wall shelving,Sales floor,1,1,1,1.5,7.00,3,
WALL,Wall shelving,Sales floor,1,1,2,1.5,7.00,3,
WALL,Wall shelving,Sales floor,1,1,3,1.5,7.00,3,
WALL,Wall shelving,Sales floor,1,2,1,1.5,7.00,3,
WALL,Wall shelving,Sales floor,1,2,2,1.5,7.00,3,
WALL,Wall shelving,Sales floor,1,2,3,1.5,7.00,3,
WALL,Wall shelving,Sales floor,1,3,1,1.5,7.00,3,
WALL,Wall shelving,Sales floor,1,3,2,1.5,7.00,3,
WALL,Wall shelving,Sales floor,1,3,3,1.5,7.00,3,
WALL,Wall shelving,Sales floor,1,4,1,1.5,7.00,3,
WALL,Wall shelving,Sales floor,1,4,2,1.5,7.00,3,
WALL,Wall shelving,Sales floor,1,4,3,1.5,7.00,3,
WALL,Wall shelving,Sales floor,1,5,1,1.5,7.00,3,
WALL,Wall shelving,Sales floor,1,5,2,1.5,7.00,3,
WALL,Wall shelving,Sales floor,1,5,3,1.5,7.00,3,
WALL,Wall shelving,Sales floor,2,1,1,1.5,11.00,3,
WALL,Wall shelving,Sales floor,2,1,2,1.5,11.00,3,
WALL,Wall shelving,Sales floor,2,1,3,1.5,11.00,3,
WALL,Wall shelving,Sales floor,2,2,1,1.5,11.00,3,
WALL,Wall shelving,Sales floor,2,2,2,1.5,11.00,3,
WALL,Wall shelving,Sales floor,2,2,3,1.5,11.00,3,
WALL,Wall shelving,Sales floor,2,3,1,1.5,11.00,3,
WALL,Wall shelving,Sales floor,2,3,2,1.5,11.00,3,
WALL,Wall shelving,Sales floor,2,3,3,1.5,11.00,3,
WALL,Wall shelving,Sales floor,2,4,1,1.5,11.00,3,
WALL,Wall shelving,Sales floor,2,4,2,1.5,11.00,3,
WALL,Wall shelving,Sales floor,2,4,3,1.5,11.00,3,
WALL,Wall shelving,Sales floor,2,5,1,1.5,11.00,3,
WALL,Wall shelving,Sales floor,2,5,2,1.5,11.00,3,
WALL,Wall shelving,Sales floor,2,5,3,1.5,11.00,3,
WALL,Wall shelving,Sales floor,3,1,1,1.5,15.00,3,
WALL,Wall shelving,Sales floor,3,1,2,1.5,15.00,3,
WALL,Wall shelving,Sales floor,3,1,3,1.5,15.00,3,
WALL,Wall shelving,Sales floor,3,2,1,1.5,15.00,3,
WALL,Wall shelving,Sales floor,3,2,2,1.5,15.00,3,
WALL,Wall shelving,Sales floor,3,2,3,1.5,15.00,3,
WALL,Wall shelving,Sales floor,3,3,1,1.5,15.00,3,
WALL,Wall shelving,Sales floor,3,3,2,1.5,15.00,3,
WALL,Wall shelving,Sales floor,3,3,3,1.5,15.00,3,
WALL,Wall shelving,Sales floor,3,4,1,1.5,15.00,3,
WALL,Wall shelving,Sales floor,3,4,2,1.5,15.00,3,
WALL,Wall shelving,Sales floor,3,4,3,1.5,15.00,3,
WALL,Wall shelving,Sales floor,3,5,1,1.5,15.00,3,
WALL,Wall shelving,Sales floor,3,5,2,1.5,15.00,3,
WALL,Wall shelving,Sales floor,3,5,3,1.5,15.00,3,
G1,Gondola run,Sales floor,1,1,1,14,24.00,4,
G1,Gondola run,Sales floor,1,1,2,14,24.00,4,
G1,Gondola run,Sales floor,1,1,3,14,24.00,4,
G1,Gondola run,Sales floor,1,2,1,14,24.00,4,
G1,Gondola run,Sales floor,1,2,2,14,24.00,4,
G1,Gondola run,Sales floor,1,2,3,14,24.00,4,
G1,Gondola run,Sales floor,1,3,1,14,24.00,4,
G1,Gondola run,Sales floor,1,3,2,14,24.00,4,
G1,Gondola run,Sales floor,1,3,3,14,24.00,4,
G1,Gondola run,Sales floor,1,4,1,14,24.00,4,
G1,Gondola run,Sales floor,1,4,2,14,24.00,4,
G1,Gondola run,Sales floor,1,4,3,14,24.00,4,
G1,Gondola run,Sales floor,1,5,1,14,24.00,4,
G1,Gondola run,Sales floor,1,5,2,14,24.00,4,
G1,Gondola run,Sales floor,1,5,3,14,24.00,4,
G1,Gondola run,Sales floor,2,1,1,14,28.00,4,
G1,Gondola run,Sales floor,2,1,2,14,28.00,4,
G1,Gondola run,Sales floor,2,1,3,14,28.00,4,
G1,Gondola run,Sales floor,2,2,1,14,28.00,4,
G1,Gondola run,Sales floor,2,2,2,14,28.00,4,
G1,Gondola run,Sales floor,2,2,3,14,28.00,4,
G1,Gondola run,Sales floor,2,3,1,14,28.00,4,
G1,Gondola run,Sales floor,2,3,2,14,28.00,4,
G1,Gondola run,Sales floor,2,3,3,14,28.00,4,
G1,Gondola run,Sales floor,2,4,1,14,28.00,4,
G1,Gondola run,Sales floor,2,4,2,14,28.00,4,
G1,Gondola run,Sales floor,2,4,3,14,28.00,4,
G1,Gondola run,Sales floor,2,5,1,14,28.00,4,
G1,Gondola run,Sales floor,2,5,2,14,28.00,4,
G1,Gondola run,Sales floor,2,5,3,14,28.00,4,
G1,Gondola run,Sales floor,3,1,1,14,32.00,4,
G1,Gondola run,Sales floor,3,1,2,14,32.00,4,
G1,Gondola run,Sales floor,3,1,3,14,32.00,4,
G1,Gondola run,Sales floor,3,2,1,14,32.00,4,
G1,Gondola run,Sales floor,3,2,2,14,32.00,4,
G1,Gondola run,Sales floor,3,2,3,14,32.00,4,
G1,Gondola run,Sales floor,3,3,1,14,32.00,4,
G1,Gondola run,Sales floor,3,3,2,14,32.00,4,
G1,Gondola run,Sales floor,3,3,3,14,32.00,4,
G1,Gondola run,Sales floor,3,4,1,14,32.00,4,
G1,Gondola run,Sales floor,3,4,2,14,32.00,4,
G1,Gondola run,Sales floor,3,4,3,14,32.00,4,
G1,Gondola run,Sales floor,3,5,1,14,32.00,4,
G1,Gondola run,Sales floor,3,5,2,14,32.00,4,
G1,Gondola run,Sales floor,3,5,3,14,32.00,4,
G1,Gondola run,Sales floor,4,1,1,14,36.00,4,
G1,Gondola run,Sales floor,4,1,2,14,36.00,4,
G1,Gondola run,Sales floor,4,1,3,14,36.00,4,
G1,Gondola run,Sales floor,4,2,1,14,36.00,4,
G1,Gondola run,Sales floor,4,2,2,14,36.00,4,
G1,Gondola run,Sales floor,4,2,3,14,36.00,4,
G1,Gondola run,Sales floor,4,3,1,14,36.00,4,
G1,Gondola run,Sales floor,4,3,2,14,36.00,4,
G1,Gondola run,Sales floor,4,3,3,14,36.00,4,
G1,Gondola run,Sales floor,4,4,1,14,36.00,4,
G1,Gondola run,Sales floor,4,4,2,14,36.00,4,
G1,Gondola run,Sales floor,4,4,3,14,36.00,4,
G1,Gondola run,Sales floor,4,5,1,14,36.00,4,
G1,Gondola run,Sales floor,4,5,2,14,36.00,4,
G1,Gondola run,Sales floor,4,5,3,14,36.00,4,
G1,Gondola run,Sales floor,5,1,1,14,40.00,4,
G1,Gondola run,Sales floor,5,1,2,14,40.00,4,
G1,Gondola run,Sales floor,5,1,3,14,40.00,4,
G1,Gondola run,Sales floor,5,2,1,14,40.00,4,
G1,Gondola run,Sales floor,5,2,2,14,40.00,4,
G1,Gondola run,Sales floor,5,2,3,14,40.00,4,
G1,Gondola run,Sales floor,5,3,1,14,40.00,4,
G1,Gondola run,Sales floor,5,3,2,14,40.00,4,
G1,Gondola run,Sales floor,5,3,3,14,40.00,4,
G1,Gondola run,Sales floor,5,4,1,14,40.00,4,
G1,Gondola run,Sales floor,5,4,2,14,40.00,4,
G1,Gondola run,Sales floor,5,4,3,14,40.00,4,
G1,Gondola run,Sales floor,5,5,1,14,40.00,4,
G1,Gondola run,Sales floor,5,5,2,14,40.00,4,
G1,Gondola run,Sales floor,5,5,3,14,40.00,4,
G1,Gondola run,Sales floor,6,1,1,14,44.00,4,
G1,Gondola run,Sales floor,6,1,2,14,44.00,4,
G1,Gondola run,Sales floor,6,1,3,14,44.00,4,
G1,Gondola run,Sales floor,6,2,1,14,44.00,4,
G1,Gondola run,Sales floor,6,2,2,14,44.00,4,
G1,Gondola run,Sales floor,6,2,3,14,44.00,4,
G1,Gondola run,Sales floor,6,3,1,14,44.00,4,
G1,Gondola run,Sales floor,6,3,2,14,44.00,4,
G1,Gondola run,Sales floor,6,3,3,14,44.00,4,
G1,Gondola run,Sales floor,6,4,1,14,44.00,4,
G1,Gondola run,Sales floor,6,4,2,14,44.00,4,
G1,Gondola run,Sales floor,6,4,3,14,44.00,4,
G1,Gondola run,Sales floor,6,5,1,14,44.00,4,
G1,Gondola run,Sales floor,6,5,2,14,44.00,4,
G1,Gondola run,Sales floor,6,5,3,14,44.00,4,
G1,Gondola run,Sales floor,7,1,1,14,48.00,4,
G1,Gondola run,Sales floor,7,1,2,14,48.00,4,
G1,Gondola run,Sales floor,7,1,3,14,48.00,4,
G1,Gondola run,Sales floor,7,2,1,14,48.00,4,
G1,Gondola run,Sales floor,7,2,2,14,48.00,4,
G1,Gondola run,Sales floor,7,2,3,14,48.00,4,
G1,Gondola run,Sales floor,7,3,1,14,48.00,4,
G1,Gondola run,Sales floor,7,3,2,14,48.00,4,
G1,Gondola run,Sales floor,7,3,3,14,48.00,4,
G1,Gondola run,Sales floor,7,4,1,14,48.00,4,
G1,Gondola run,Sales floor,7,4,2,14,48.00,4,
G1,Gondola run,Sales floor,7,4,3,14,48.00,4,
G1,Gondola run,Sales floor,7,5,1,14,48.00,4,
G1,Gondola run,Sales floor,7,5,2,14,48.00,4,
G1,Gondola run,Sales floor,7,5,3,14,48.00,4,
G1,Gondola run,Sales floor,8,1,1,14,52.00,4,
G1,Gondola run,Sales floor,8,1,2,14,52.00,4,
G1,Gondola run,Sales floor,8,1,3,14,52.00,4,
G1,Gondola run,Sales floor,8,2,1,14,52.00,4,
G1,Gondola run,Sales floor,8,2,2,14,52.00,4,
G1,Gondola run,Sales floor,8,2,3,14,52.00,4,
G1,Gondola run,Sales floor,8,3,1,14,52.00,4,
G1,Gondola run,Sales floor,8,3,2,14,52.00,4,
G1,Gondola run,Sales floor,8,3,3,14,52.00,4,
G1,Gondola run,Sales floor,8,4,1,14,52.00,4,
G1,Gondola run,Sales floor,8,4,2,14,52.00,4,
G1,Gondola run,Sales floor,8,4,3,14,52.00,4,
G1,Gondola run,Sales floor,8,5,1,14,52.00,4,
G1,Gondola run,Sales floor,8,5,2,14,52.00,4,
G1,Gondola run,Sales floor,8,5,3,14,52.00,4,
G1,Gondola run,Sales floor,9,1,1,14,56.00,4,
G1,Gondola run,Sales floor,9,1,2,14,56.00,4,
G1,Gondola run,Sales floor,9,1,3,14,56.00,4,
G1,Gondola run,Sales floor,9,2,1,14,56.00,4,
G1,Gondola run,Sales floor,9,2,2,14,56.00,4,
G1,Gondola run,Sales floor,9,2,3,14,56.00,4,
G1,Gondola run,Sales floor,9,3,1,14,56.00,4,
G1,Gondola run,Sales floor,9,3,2,14,56.00,4,
G1,Gondola run,Sales floor,9,3,3,14,56.00,4,
G1,Gondola run,Sales floor,9,4,1,14,56.00,4,
G1,Gondola run,Sales floor,9,4,2,14,56.00,4,
G1,Gondola run,Sales floor,9,4,3,14,56.00,4,
G1,Gondola run,Sales floor,9,5,1,14,56.00,4,
G1,Gondola run,Sales floor,9,5,2,14,56.00,4,
G1,Gondola run,Sales floor,9,5,3,14,56.00,4,
G2,Gondola run,Sales floor,1,1,1,24,24.00,4,
G2,Gondola run,Sales floor,1,1,2,24,24.00,4,
G2,Gondola run,Sales floor,1,1,3,24,24.00,4,
G2,Gondola run,Sales floor,1,2,1,24,24.00,4,
G2,Gondola run,Sales floor,1,2,2,24,24.00,4,
G2,Gondola run,Sales floor,1,2,3,24,24.00,4,
G2,Gondola run,Sales floor,1,3,1,24,24.00,4,
G2,Gondola run,Sales floor,1,3,2,24,24.00,4,
G2,Gondola run,Sales floor,1,3,3,24,24.00,4,
G2,Gondola run,Sales floor,1,4,1,24,24.00,4,
G2,Gondola run,Sales floor,1,4,2,24,24.00,4,
G2,Gondola run,Sales floor,1,4,3,24,24.00,4,
G2,Gondola run,Sales floor,1,5,1,24,24.00,4,
G2,Gondola run,Sales floor,1,5,2,24,24.00,4,
G2,Gondola run,Sales floor,1,5,3,24,24.00,4,
G2,Gondola run,Sales floor,2,1,1,24,28.00,4,
G2,Gondola run,Sales floor,2,1,2,24,28.00,4,
G2,Gondola run,Sales floor,2,1,3,24,28.00,4,
G2,Gondola run,Sales floor,2,2,1,24,28.00,4,
G2,Gondola run,Sales floor,2,2,2,24,28.00,4,
G2,Gondola run,Sales floor,2,2,3,24,28.00,4,
G2,Gondola run,Sales floor,2,3,1,24,28.00,4,
G2,Gondola run,Sales floor,2,3,2,24,28.00,4,
G2,Gondola run,Sales floor,2,3,3,24,28.00,4,
G2,Gondola run,Sales floor,2,4,1,24,28.00,4,
G2,Gondola run,Sales floor,2,4,2,24,28.00,4,
G2,Gondola run,Sales floor,2,4,3,24,28.00,4,
G2,Gondola run,Sales floor,2,5,1,24,28.00,4,
G2,Gondola run,Sales floor,2,5,2,24,28.00,4,
G2,Gondola run,Sales floor,2,5,3,24,28.00,4,
G2,Gondola run,Sales floor,3,1,1,24,32.00,4,
G2,Gondola run,Sales floor,3,1,2,24,32.00,4,
G2,Gondola run,Sales floor,3,1,3,24,32.00,4,
G2,Gondola run,Sales floor,3,2,1,24,32.00,4,
G2,Gondola run,Sales floor,3,2,2,24,32.00,4,
G2,Gondola run,Sales floor,3,2,3,24,32.00,4,
G2,Gondola run,Sales floor,3,3,1,24,32.00,4,
G2,Gondola run,Sales floor,3,3,2,24,32.00,4,
G2,Gondola run,Sales floor,3,3,3,24,32.00,4,
G2,Gondola run,Sales floor,3,4,1,24,32.00,4,
G2,Gondola run,Sales floor,3,4,2,24,32.00,4,
G2,Gondola run,Sales floor,3,4,3,24,32.00,4,
G2,Gondola run,Sales floor,3,5,1,24,32.00,4,
G2,Gondola run,Sales floor,3,5,2,24,32.00,4,
G2,Gondola run,Sales floor,3,5,3,24,32.00,4,
G2,Gondola run,Sales floor,4,1,1,24,36.00,4,
G2,Gondola run,Sales floor,4,1,2,24,36.00,4,
G2,Gondola run,Sales floor,4,1,3,24,36.00,4,
G2,Gondola run,Sales floor,4,2,1,24,36.00,4,
G2,Gondola run,Sales floor,4,2,2,24,36.00,4,
G2,Gondola run,Sales floor,4,2,3,24,36.00,4,
G2,Gondola run,Sales floor,4,3,1,24,36.00,4,
G2,Gondola run,Sales floor,4,3,2,24,36.00,4,
G2,Gondola run,Sales floor,4,3,3,24,36.00,4,
G2,Gondola run,Sales floor,4,4,1,24,36.00,4,
G2,Gondola run,Sales floor,4,4,2,24,36.00,4,
G2,Gondola run,Sales floor,4,4,3,24,36.00,4,
G2,Gondola run,Sales floor,4,5,1,24,36.00,4,
G2,Gondola run,Sales floor,4,5,2,24,36.00,4,
G2,Gondola run,Sales floor,4,5,3,24,36.00,4,
G2,Gondola run,Sales floor,5,1,1,24,40.00,4,
G2,Gondola run,Sales floor,5,1,2,24,40.00,4,
G2,Gondola run,Sales floor,5,1,3,24,40.00,4,
G2,Gondola run,Sales floor,5,2,1,24,40.00,4,
G2,Gondola run,Sales floor,5,2,2,24,40.00,4,
G2,Gondola run,Sales floor,5,2,3,24,40.00,4,
G2,Gondola run,Sales floor,5,3,1,24,40.00,4,
G2,Gondola run,Sales floor,5,3,2,24,40.00,4,
G2,Gondola run,Sales floor,5,3,3,24,40.00,4,
G2,Gondola run,Sales floor,5,4,1,24,40.00,4,
G2,Gondola run,Sales floor,5,4,2,24,40.00,4,
G2,Gondola run,Sales floor,5,4,3,24,40.00,4,
G2,Gondola run,Sales floor,5,5,1,24,40.00,4,
G2,Gondola run,Sales floor,5,5,2,24,40.00,4,
G2,Gondola run,Sales floor,5,5,3,24,40.00,4,
G2,Gondola run,Sales floor,6,1,1,24,44.00,4,
G2,Gondola run,Sales floor,6,1,2,24,44.00,4,
G2,Gondola run,Sales floor,6,1,3,24,44.00,4,
G2,Gondola run,Sales floor,6,2,1,24,44.00,4,
G2,Gondola run,Sales floor,6,2,2,24,44.00,4,
G2,Gondola run,Sales floor,6,2,3,24,44.00,4,
G2,Gondola run,Sales floor,6,3,1,24,44.00,4,
G2,Gondola run,Sales floor,6,3,2,24,44.00,4,
G2,Gondola run,Sales floor,6,3,3,24,44.00,4,
G2,Gondola run,Sales floor,6,4,1,24,44.00,4,
G2,Gondola run,Sales floor,6,4,2,24,44.00,4,
G2,Gondola run,Sales floor,6,4,3,24,44.00,4,
G2,Gondola run,Sales floor,6,5,1,24,44.00,4,
G2,Gondola run,Sales floor,6,5,2,24,44.00,4,
G2,Gondola run,Sales floor,6,5,3,24,44.00,4,
G2,Gondola run,Sales floor,7,1,1,24,48.00,4,
G2,Gondola run,Sales floor,7,1,2,24,48.00,4,
G2,Gondola run,Sales floor,7,1,3,24,48.00,4,
G2,Gondola run,Sales floor,7,2,1,24,48.00,4,
G2,Gondola run,Sales floor,7,2,2,24,48.00,4,
G2,Gondola run,Sales floor,7,2,3,24,48.00,4,
G2,Gondola run,Sales floor,7,3,1,24,48.00,4,
G2,Gondola run,Sales floor,7,3,2,24,48.00,4,
G2,Gondola run,Sales floor,7,3,3,24,48.00,4,
G2,Gondola run,Sales floor,7,4,1,24,48.00,4,
G2,Gondola run,Sales floor,7,4,2,24,48.00,4,
G2,Gondola run,Sales floor,7,4,3,24,48.00,4,
G2,Gondola run,Sales floor,7,5,1,24,48.00,4,
G2,Gondola run,Sales floor,7,5,2,24,48.00,4,
G2,Gondola run,Sales floor,7,5,3,24,48.00,4,
G2,Gondola run,Sales floor,8,1,1,24,52.00,4,
G2,Gondola run,Sales floor,8,1,2,24,52.00,4,
G2,Gondola run,Sales floor,8,1,3,24,52.00,4,
G2,Gondola run,Sales floor,8,2,1,24,52.00,4,
G2,Gondola run,Sales floor,8,2,2,24,52.00,4,
G2,Gondola run,Sales floor,8,2,3,24,52.00,4,
G2,Gondola run,Sales floor,8,3,1,24,52.00,4,
G2,Gondola run,Sales floor,8,3,2,24,52.00,4,
G2,Gondola run,Sales floor,8,3,3,24,52.00,4,
G2,Gondola run,Sales floor,8,4,1,24,52.00,4,
G2,Gondola run,Sales floor,8,4,2,24,52.00,4,
G2,Gondola run,Sales floor,8,4,3,24,52.00,4,
G2,Gondola run,Sales floor,8,5,1,24,52.00,4,
G2,Gondola run,Sales floor,8,5,2,24,52.00,4,
G2,Gondola run,Sales floor,8,5,3,24,52.00,4,
G2,Gondola run,Sales floor,9,1,1,24,56.00,4,
G2,Gondola run,Sales floor,9,1,2,24,56.00,4,
G2,Gondola run,Sales floor,9,1,3,24,56.00,4,
G2,Gondola run,Sales floor,9,2,1,24,56.00,4,
G2,Gondola run,Sales floor,9,2,2,24,56.00,4,
G2,Gondola run,Sales floor,9,2,3,24,56.00,4,
G2,Gondola run,Sales floor,9,3,1,24,56.00,4,
G2,Gondola run,Sales floor,9,3,2,24,56.00,4,
G2,Gondola run,Sales floor,9,3,3,24,56.00,4,
G2,Gondola run,Sales floor,9,4,1,24,56.00,4,
G2,Gondola run,Sales floor,9,4,2,24,56.00,4,
G2,Gondola run,Sales floor,9,4,3,24,56.00,4,
G2,Gondola run,Sales floor,9,5,1,24,56.00,4,
G2,Gondola run,Sales floor,9,5,2,24,56.00,4,
G2,Gondola run,Sales floor,9,5,3,24,56.00,4,
G3,Gondola run,Sales floor,1,1,1,34,24.00,4,
G3,Gondola run,Sales floor,1,1,2,34,24.00,4,
G3,Gondola run,Sales floor,1,1,3,34,24.00,4,
G3,Gondola run,Sales floor,1,2,1,34,24.00,4,
G3,Gondola run,Sales floor,1,2,2,34,24.00,4,
G3,Gondola run,Sales floor,1,2,3,34,24.00,4,
G3,Gondola run,Sales floor,1,3,1,34,24.00,4,
G3,Gondola run,Sales floor,1,3,2,34,24.00,4,
G3,Gondola run,Sales floor,1,3,3,34,24.00,4,
G3,Gondola run,Sales floor,1,4,1,34,24.00,4,
G3,Gondola run,Sales floor,1,4,2,34,24.00,4,
G3,Gondola run,Sales floor,1,4,3,34,24.00,4,
G3,Gondola run,Sales floor,1,5,1,34,24.00,4,
G3,Gondola run,Sales floor,1,5,2,34,24.00,4,
G3,Gondola run,Sales floor,1,5,3,34,24.00,4,
G3,Gondola run,Sales floor,2,1,1,34,28.00,4,
G3,Gondola run,Sales floor,2,1,2,34,28.00,4,
G3,Gondola run,Sales floor,2,1,3,34,28.00,4,
G3,Gondola run,Sales floor,2,2,1,34,28.00,4,
G3,Gondola run,Sales floor,2,2,2,34,28.00,4,
G3,Gondola run,Sales floor,2,2,3,34,28.00,4,
G3,Gondola run,Sales floor,2,3,1,34,28.00,4,
G3,Gondola run,Sales floor,2,3,2,34,28.00,4,
G3,Gondola run,Sales floor,2,3,3,34,28.00,4,
G3,Gondola run,Sales floor,2,4,1,34,28.00,4,
G3,Gondola run,Sales floor,2,4,2,34,28.00,4,
G3,Gondola run,Sales floor,2,4,3,34,28.00,4,
G3,Gondola run,Sales floor,2,5,1,34,28.00,4,
G3,Gondola run,Sales floor,2,5,2,34,28.00,4,
G3,Gondola run,Sales floor,2,5,3,34,28.00,4,
G3,Gondola run,Sales floor,3,1,1,34,32.00,4,
G3,Gondola run,Sales floor,3,1,2,34,32.00,4,
G3,Gondola run,Sales floor,3,1,3,34,32.00,4,
G3,Gondola run,Sales floor,3,2,1,34,32.00,4,
G3,Gondola run,Sales floor,3,2,2,34,32.00,4,
G3,Gondola run,Sales floor,3,2,3,34,32.00,4,
G3,Gondola run,Sales floor,3,3,1,34,32.00,4,
G3,Gondola run,Sales floor,3,3,2,34,32.00,4,
G3,Gondola run,Sales floor,3,3,3,34,32.00,4,
G3,Gondola run,Sales floor,3,4,1,34,32.00,4,
G3,Gondola run,Sales floor,3,4,2,34,32.00,4,
G3,Gondola run,Sales floor,3,4,3,34,32.00,4,
G3,Gondola run,Sales floor,3,5,1,34,32.00,4,
G3,Gondola run,Sales floor,3,5,2,34,32.00,4,
G3,Gondola run,Sales floor,3,5,3,34,32.00,4,
G3,Gondola run,Sales floor,4,1,1,34,36.00,4,
G3,Gondola run,Sales floor,4,1,2,34,36.00,4,
G3,Gondola run,Sales floor,4,1,3,34,36.00,4,
G3,Gondola run,Sales floor,4,2,1,34,36.00,4,
G3,Gondola run,Sales floor,4,2,2,34,36.00,4,
G3,Gondola run,Sales floor,4,2,3,34,36.00,4,
G3,Gondola run,Sales floor,4,3,1,34,36.00,4,
G3,Gondola run,Sales floor,4,3,2,34,36.00,4,
G3,Gondola run,Sales floor,4,3,3,34,36.00,4,
G3,Gondola run,Sales floor,4,4,1,34,36.00,4,
G3,Gondola run,Sales floor,4,4,2,34,36.00,4,
G3,Gondola run,Sales floor,4,4,3,34,36.00,4,
G3,Gondola run,Sales floor,4,5,1,34,36.00,4,
G3,Gondola run,Sales floor,4,5,2,34,36.00,4,
G3,Gondola run,Sales floor,4,5,3,34,36.00,4,
G3,Gondola run,Sales floor,5,1,1,34,40.00,4,
G3,Gondola run,Sales floor,5,1,2,34,40.00,4,
G3,Gondola run,Sales floor,5,1,3,34,40.00,4,
G3,Gondola run,Sales floor,5,2,1,34,40.00,4,
G3,Gondola run,Sales floor,5,2,2,34,40.00,4,
G3,Gondola run,Sales floor,5,2,3,34,40.00,4,
G3,Gondola run,Sales floor,5,3,1,34,40.00,4,
G3,Gondola run,Sales floor,5,3,2,34,40.00,4,
G3,Gondola run,Sales floor,5,3,3,34,40.00,4,
G3,Gondola run,Sales floor,5,4,1,34,40.00,4,
G3,Gondola run,Sales floor,5,4,2,34,40.00,4,
G3,Gondola run,Sales floor,5,4,3,34,40.00,4,
G3,Gondola run,Sales floor,5,5,1,34,40.00,4,
G3,Gondola run,Sales floor,5,5,2,34,40.00,4,
G3,Gondola run,Sales floor,5,5,3,34,40.00,4,
G3,Gondola run,Sales floor,6,1,1,34,44.00,4,
G3,Gondola run,Sales floor,6,1,2,34,44.00,4,
G3,Gondola run,Sales floor,6,1,3,34,44.00,4,
G3,Gondola run,Sales floor,6,2,1,34,44.00,4,
G3,Gondola run,Sales floor,6,2,2,34,44.00,4,
G3,Gondola run,Sales floor,6,2,3,34,44.00,4,
G3,Gondola run,Sales floor,6,3,1,34,44.00,4,
G3,Gondola run,Sales floor,6,3,2,34,44.00,4,
G3,Gondola run,Sales floor,6,3,3,34,44.00,4,
G3,Gondola run,Sales floor,6,4,1,34,44.00,4,
G3,Gondola run,Sales floor,6,4,2,34,44.00,4,
G3,Gondola run,Sales floor,6,4,3,34,44.00,4,
G3,Gondola run,Sales floor,6,5,1,34,44.00,4,
G3,Gondola run,Sales floor,6,5,2,34,44.00,4,
G3,Gondola run,Sales floor,6,5,3,34,44.00,4,
G3,Gondola run,Sales floor,7,1,1,34,48.00,4,
G3,Gondola run,Sales floor,7,1,2,34,48.00,4,
G3,Gondola run,Sales floor,7,1,3,34,48.00,4,
G3,Gondola run,Sales floor,7,2,1,34,48.00,4,
G3,Gondola run,Sales floor,7,2,2,34,48.00,4,
G3,Gondola run,Sales floor,7,2,3,34,48.00,4,
G3,Gondola run,Sales floor,7,3,1,34,48.00,4,
G3,Gondola run,Sales floor,7,3,2,34,48.00,4,
G3,Gondola run,Sales floor,7,3,3,34,48.00,4,
G3,Gondola run,Sales floor,7,4,1,34,48.00,4,
G3,Gondola run,Sales floor,7,4,2,34,48.00,4,
G3,Gondola run,Sales floor,7,4,3,34,48.00,4,
G3,Gondola run,Sales floor,7,5,1,34,48.00,4,
G3,Gondola run,Sales floor,7,5,2,34,48.00,4,
G3,Gondola run,Sales floor,7,5,3,34,48.00,4,
G3,Gondola run,Sales floor,8,1,1,34,52.00,4,
G3,Gondola run,Sales floor,8,1,2,34,52.00,4,
G3,Gondola run,Sales floor,8,1,3,34,52.00,4,
G3,Gondola run,Sales floor,8,2,1,34,52.00,4,
G3,Gondola run,Sales floor,8,2,2,34,52.00,4,
G3,Gondola run,Sales floor,8,2,3,34,52.00,4,
G3,Gondola run,Sales floor,8,3,1,34,52.00,4,
G3,Gondola run,Sales floor,8,3,2,34,52.00,4,
G3,Gondola run,Sales floor,8,3,3,34,52.00,4,
G3,Gondola run,Sales floor,8,4,1,34,52.00,4,
G3,Gondola run,Sales floor,8,4,2,34,52.00,4,
G3,Gondola run,Sales floor,8,4,3,34,52.00,4,
G3,Gondola run,Sales floor,8,5,1,34,52.00,4,
G3,Gondola run,Sales floor,8,5,2,34,52.00,4,
G3,Gondola run,Sales floor,8,5,3,34,52.00,4,
G3,Gondola run,Sales floor,9,1,1,34,56.00,4,
G3,Gondola run,Sales floor,9,1,2,34,56.00,4,
G3,Gondola run,Sales floor,9,1,3,34,56.00,4,
G3,Gondola run,Sales floor,9,2,1,34,56.00,4,
G3,Gondola run,Sales floor,9,2,2,34,56.00,4,
G3,Gondola run,Sales floor,9,2,3,34,56.00,4,
G3,Gondola run,Sales floor,9,3,1,34,56.00,4,
G3,Gondola run,Sales floor,9,3,2,34,56.00,4,
G3,Gondola run,Sales floor,9,3,3,34,56.00,4,
G3,Gondola run,Sales floor,9,4,1,34,56.00,4,
G3,Gondola run,Sales floor,9,4,2,34,56.00,4,
G3,Gondola run,Sales floor,9,4,3,34,56.00,4,
G3,Gondola run,Sales floor,9,5,1,34,56.00,4,
G3,Gondola run,Sales floor,9,5,2,34,56.00,4,
G3,Gondola run,Sales floor,9,5,3,34,56.00,4,
G4,Gondola run,Sales floor,1,1,1,44,24.00,4,
G4,Gondola run,Sales floor,1,1,2,44,24.00,4,
G4,Gondola run,Sales floor,1,1,3,44,24.00,4,
G4,Gondola run,Sales floor,1,2,1,44,24.00,4,
G4,Gondola run,Sales floor,1,2,2,44,24.00,4,
G4,Gondola run,Sales floor,1,2,3,44,24.00,4,
G4,Gondola run,Sales floor,1,3,1,44,24.00,4,
G4,Gondola run,Sales floor,1,3,2,44,24.00,4,
G4,Gondola run,Sales floor,1,3,3,44,24.00,4,
G4,Gondola run,Sales floor,1,4,1,44,24.00,4,
G4,Gondola run,Sales floor,1,4,2,44,24.00,4,
G4,Gondola run,Sales floor,1,4,3,44,24.00,4,
G4,Gondola run,Sales floor,1,5,1,44,24.00,4,
G4,Gondola run,Sales floor,1,5,2,44,24.00,4,
G4,Gondola run,Sales floor,1,5,3,44,24.00,4,
G4,Gondola run,Sales floor,2,1,1,44,28.00,4,
G4,Gondola run,Sales floor,2,1,2,44,28.00,4,
G4,Gondola run,Sales floor,2,1,3,44,28.00,4,
G4,Gondola run,Sales floor,2,2,1,44,28.00,4,
G4,Gondola run,Sales floor,2,2,2,44,28.00,4,
G4,Gondola run,Sales floor,2,2,3,44,28.00,4,
G4,Gondola run,Sales floor,2,3,1,44,28.00,4,
G4,Gondola run,Sales floor,2,3,2,44,28.00,4,
G4,Gondola run,Sales floor,2,3,3,44,28.00,4,
G4,Gondola run,Sales floor,2,4,1,44,28.00,4,
G4,Gondola run,Sales floor,2,4,2,44,28.00,4,
G4,Gondola run,Sales floor,2,4,3,44,28.00,4,
G4,Gondola run,Sales floor,2,5,1,44,28.00,4,
G4,Gondola run,Sales floor,2,5,2,44,28.00,4,
G4,Gondola run,Sales floor,2,5,3,44,28.00,4,
G4,Gondola run,Sales floor,3,1,1,44,32.00,4,
G4,Gondola run,Sales floor,3,1,2,44,32.00,4,
G4,Gondola run,Sales floor,3,1,3,44,32.00,4,
G4,Gondola run,Sales floor,3,2,1,44,32.00,4,
G4,Gondola run,Sales floor,3,2,2,44,32.00,4,
G4,Gondola run,Sales floor,3,2,3,44,32.00,4,
G4,Gondola run,Sales floor,3,3,1,44,32.00,4,
G4,Gondola run,Sales floor,3,3,2,44,32.00,4,
G4,Gondola run,Sales floor,3,3,3,44,32.00,4,
G4,Gondola run,Sales floor,3,4,1,44,32.00,4,
G4,Gondola run,Sales floor,3,4,2,44,32.00,4,
G4,Gondola run,Sales floor,3,4,3,44,32.00,4,
G4,Gondola run,Sales floor,3,5,1,44,32.00,4,
G4,Gondola run,Sales floor,3,5,2,44,32.00,4,
G4,Gondola run,Sales floor,3,5,3,44,32.00,4,
G4,Gondola run,Sales floor,4,1,1,44,36.00,4,
G4,Gondola run,Sales floor,4,1,2,44,36.00,4,
G4,Gondola run,Sales floor,4,1,3,44,36.00,4,
G4,Gondola run,Sales floor,4,2,1,44,36.00,4,
G4,Gondola run,Sales floor,4,2,2,44,36.00,4,
G4,Gondola run,Sales floor,4,2,3,44,36.00,4,
G4,Gondola run,Sales floor,4,3,1,44,36.00,4,
G4,Gondola run,Sales floor,4,3,2,44,36.00,4,
G4,Gondola run,Sales floor,4,3,3,44,36.00,4,
G4,Gondola run,Sales floor,4,4,1,44,36.00,4,
G4,Gondola run,Sales floor,4,4,2,44,36.00,4,
G4,Gondola run,Sales floor,4,4,3,44,36.00,4,
G4,Gondola run,Sales floor,4,5,1,44,36.00,4,
G4,Gondola run,Sales floor,4,5,2,44,36.00,4,
G4,Gondola run,Sales floor,4,5,3,44,36.00,4,
G4,Gondola run,Sales floor,5,1,1,44,40.00,4,
G4,Gondola run,Sales floor,5,1,2,44,40.00,4,
G4,Gondola run,Sales floor,5,1,3,44,40.00,4,
G4,Gondola run,Sales floor,5,2,1,44,40.00,4,
G4,Gondola run,Sales floor,5,2,2,44,40.00,4,
G4,Gondola run,Sales floor,5,2,3,44,40.00,4,
G4,Gondola run,Sales floor,5,3,1,44,40.00,4,
G4,Gondola run,Sales floor,5,3,2,44,40.00,4,
G4,Gondola run,Sales floor,5,3,3,44,40.00,4,
G4,Gondola run,Sales floor,5,4,1,44,40.00,4,
G4,Gondola run,Sales floor,5,4,2,44,40.00,4,
G4,Gondola run,Sales floor,5,4,3,44,40.00,4,
G4,Gondola run,Sales floor,5,5,1,44,40.00,4,
G4,Gondola run,Sales floor,5,5,2,44,40.00,4,
G4,Gondola run,Sales floor,5,5,3,44,40.00,4,
G4,Gondola run,Sales floor,6,1,1,44,44.00,4,
G4,Gondola run,Sales floor,6,1,2,44,44.00,4,
G4,Gondola run,Sales floor,6,1,3,44,44.00,4,
G4,Gondola run,Sales floor,6,2,1,44,44.00,4,
G4,Gondola run,Sales floor,6,2,2,44,44.00,4,
G4,Gondola run,Sales floor,6,2,3,44,44.00,4,
G4,Gondola run,Sales floor,6,3,1,44,44.00,4,
G4,Gondola run,Sales floor,6,3,2,44,44.00,4,
G4,Gondola run,Sales floor,6,3,3,44,44.00,4,
G4,Gondola run,Sales floor,6,4,1,44,44.00,4,
G4,Gondola run,Sales floor,6,4,2,44,44.00,4,
G4,Gondola run,Sales floor,6,4,3,44,44.00,4,
G4,Gondola run,Sales floor,6,5,1,44,44.00,4,
G4,Gondola run,Sales floor,6,5,2,44,44.00,4,
G4,Gondola run,Sales floor,6,5,3,44,44.00,4,
G4,Gondola run,Sales floor,7,1,1,44,48.00,4,
G4,Gondola run,Sales floor,7,1,2,44,48.00,4,
G4,Gondola run,Sales floor,7,1,3,44,48.00,4,
G4,Gondola run,Sales floor,7,2,1,44,48.00,4,
G4,Gondola run,Sales floor,7,2,2,44,48.00,4,
G4,Gondola run,Sales floor,7,2,3,44,48.00,4,
G4,Gondola run,Sales floor,7,3,1,44,48.00,4,
G4,Gondola run,Sales floor,7,3,2,44,48.00,4,
G4,Gondola run,Sales floor,7,3,3,44,48.00,4,
G4,Gondola run,Sales floor,7,4,1,44,48.00,4,
G4,Gondola run,Sales floor,7,4,2,44,48.00,4,
G4,Gondola run,Sales floor,7,4,3,44,48.00,4,
G4,Gondola run,Sales floor,7,5,1,44,48.00,4,
G4,Gondola run,Sales floor,7,5,2,44,48.00,4,
G4,Gondola run,Sales floor,7,5,3,44,48.00,4,
G4,Gondola run,Sales floor,8,1,1,44,52.00,4,
G4,Gondola run,Sales floor,8,1,2,44,52.00,4,
G4,Gondola run,Sales floor,8,1,3,44,52.00,4,
G4,Gondola run,Sales floor,8,2,1,44,52.00,4,
G4,Gondola run,Sales floor,8,2,2,44,52.00,4,
G4,Gondola run,Sales floor,8,2,3,44,52.00,4,
G4,Gondola run,Sales floor,8,3,1,44,52.00,4,
G4,Gondola run,Sales floor,8,3,2,44,52.00,4,
G4,Gondola run,Sales floor,8,3,3,44,52.00,4,
G4,Gondola run,Sales floor,8,4,1,44,52.00,4,
G4,Gondola run,Sales floor,8,4,2,44,52.00,4,
G4,Gondola run,Sales floor,8,4,3,44,52.00,4,
G4,Gondola run,Sales floor,8,5,1,44,52.00,4,
G4,Gondola run,Sales floor,8,5,2,44,52.00,4,
G4,Gondola run,Sales floor,8,5,3,44,52.00,4,
G4,Gondola run,Sales floor,9,1,1,44,56.00,4,
G4,Gondola run,Sales floor,9,1,2,44,56.00,4,
G4,Gondola run,Sales floor,9,1,3,44,56.00,4,
G4,Gondola run,Sales floor,9,2,1,44,56.00,4,
G4,Gondola run,Sales floor,9,2,2,44,56.00,4,
G4,Gondola run,Sales floor,9,2,3,44,56.00,4,
G4,Gondola run,Sales floor,9,3,1,44,56.00,4,
G4,Gondola run,Sales floor,9,3,2,44,56.00,4,
G4,Gondola run,Sales floor,9,3,3,44,56.00,4,
G4,Gondola run,Sales floor,9,4,1,44,56.00,4,
G4,Gondola run,Sales floor,9,4,2,44,56.00,4,
G4,Gondola run,Sales floor,9,4,3,44,56.00,4,
G4,Gondola run,Sales floor,9,5,1,44,56.00,4,
G4,Gondola run,Sales floor,9,5,2,44,56.00,4,
G4,Gondola run,Sales floor,9,5,3,44,56.00,4,
G1-EF,Endcap,Sales floor,1,1,1,14,20.75,4,
G1-EF,Endcap,Sales floor,1,1,2,14,20.75,4,
G1-EF,Endcap,Sales floor,1,1,3,14,20.75,4,
G1-EF,Endcap,Sales floor,1,2,1,14,20.75,4,
G1-EF,Endcap,Sales floor,1,2,2,14,20.75,4,
G1-EF,Endcap,Sales floor,1,2,3,14,20.75,4,
G1-EF,Endcap,Sales floor,1,3,1,14,20.75,4,
G1-EF,Endcap,Sales floor,1,3,2,14,20.75,4,
G1-EF,Endcap,Sales floor,1,3,3,14,20.75,4,
G1-EF,Endcap,Sales floor,1,4,1,14,20.75,4,
G1-EF,Endcap,Sales floor,1,4,2,14,20.75,4,
G1-EF,Endcap,Sales floor,1,4,3,14,20.75,4,
G1-EB,Endcap,Sales floor,1,1,1,14,59.25,4,
G1-EB,Endcap,Sales floor,1,1,2,14,59.25,4,
G1-EB,Endcap,Sales floor,1,1,3,14,59.25,4,
G1-EB,Endcap,Sales floor,1,2,1,14,59.25,4,
G1-EB,Endcap,Sales floor,1,2,2,14,59.25,4,
G1-EB,Endcap,Sales floor,1,2,3,14,59.25,4,
G1-EB,Endcap,Sales floor,1,3,1,14,59.25,4,
G1-EB,Endcap,Sales floor,1,3,2,14,59.25,4,
G1-EB,Endcap,Sales floor,1,3,3,14,59.25,4,
G1-EB,Endcap,Sales floor,1,4,1,14,59.25,4,
G1-EB,Endcap,Sales floor,1,4,2,14,59.25,4,
G1-EB,Endcap,Sales floor,1,4,3,14,59.25,4,
G2-EF,Endcap,Sales floor,1,1,1,24,20.75,4,
G2-EF,Endcap,Sales floor,1,1,2,24,20.75,4,
G2-EF,Endcap,Sales floor,1,1,3,24,20.75,4,
G2-EF,Endcap,Sales floor,1,2,1,24,20.75,4,
G2-EF,Endcap,Sales floor,1,2,2,24,20.75,4,
G2-EF,Endcap,Sales floor,1,2,3,24,20.75,4,
G2-EF,Endcap,Sales floor,1,3,1,24,20.75,4,
G2-EF,Endcap,Sales floor,1,3,2,24,20.75,4,
G2-EF,Endcap,Sales floor,1,3,3,24,20.75,4,
G2-EF,Endcap,Sales floor,1,4,1,24,20.75,4,
G2-EF,Endcap,Sales floor,1,4,2,24,20.75,4,
G2-EF,Endcap,Sales floor,1,4,3,24,20.75,4,
G2-EB,Endcap,Sales floor,1,1,1,24,59.25,4,
G2-EB,Endcap,Sales floor,1,1,2,24,59.25,4,
G2-EB,Endcap,Sales floor,1,1,3,24,59.25,4,
G2-EB,Endcap,Sales floor,1,2,1,24,59.25,4,
G2-EB,Endcap,Sales floor,1,2,2,24,59.25,4,
G2-EB,Endcap,Sales floor,1,2,3,24,59.25,4,
G2-EB,Endcap,Sales floor,1,3,1,24,59.25,4,
G2-EB,Endcap,Sales floor,1,3,2,24,59.25,4,
G2-EB,Endcap,Sales floor,1,3,3,24,59.25,4,
G2-EB,Endcap,Sales floor,1,4,1,24,59.25,4,
G2-EB,Endcap,Sales floor,1,4,2,24,59.25,4,
G2-EB,Endcap,Sales floor,1,4,3,24,59.25,4,
G3-EF,Endcap,Sales floor,1,1,1,34,20.75,4,
G3-EF,Endcap,Sales floor,1,1,2,34,20.75,4,
G3-EF,Endcap,Sales floor,1,1,3,34,20.75,4,
G3-EF,Endcap,Sales floor,1,2,1,34,20.75,4,
G3-EF,Endcap,Sales floor,1,2,2,34,20.75,4,
G3-EF,Endcap,Sales floor,1,2,3,34,20.75,4,
G3-EF,Endcap,Sales floor,1,3,1,34,20.75,4,
G3-EF,Endcap,Sales floor,1,3,2,34,20.75,4,
G3-EF,Endcap,Sales floor,1,3,3,34,20.75,4,
G3-EF,Endcap,Sales floor,1,4,1,34,20.75,4,
G3-EF,Endcap,Sales floor,1,4,2,34,20.75,4,
G3-EF,Endcap,Sales floor,1,4,3,34,20.75,4,
G3-EB,Endcap,Sales floor,1,1,1,34,59.25,4,
G3-EB,Endcap,Sales floor,1,1,2,34,59.25,4,
G3-EB,Endcap,Sales floor,1,1,3,34,59.25,4,
G3-EB,Endcap,Sales floor,1,2,1,34,59.25,4,
G3-EB,Endcap,Sales floor,1,2,2,34,59.25,4,
G3-EB,Endcap,Sales floor,1,2,3,34,59.25,4,
G3-EB,Endcap,Sales floor,1,3,1,34,59.25,4,
G3-EB,Endcap,Sales floor,1,3,2,34,59.25,4,
G3-EB,Endcap,Sales floor,1,3,3,34,59.25,4,
G3-EB,Endcap,Sales floor,1,4,1,34,59.25,4,
G3-EB,Endcap,Sales floor,1,4,2,34,59.25,4,
G3-EB,Endcap,Sales floor,1,4,3,34,59.25,4,
G4-EF,Endcap,Sales floor,1,1,1,44,20.75,4,
G4-EF,Endcap,Sales floor,1,1,2,44,20.75,4,
G4-EF,Endcap,Sales floor,1,1,3,44,20.75,4,
G4-EF,Endcap,Sales floor,1,2,1,44,20.75,4,
G4-EF,Endcap,Sales floor,1,2,2,44,20.75,4,
G4-EF,Endcap,Sales floor,1,2,3,44,20.75,4,
G4-EF,Endcap,Sales floor,1,3,1,44,20.75,4,
G4-EF,Endcap,Sales floor,1,3,2,44,20.75,4,
G4-EF,Endcap,Sales floor,1,3,3,44,20.75,4,
G4-EF,Endcap,Sales floor,1,4,1,44,20.75,4,
G4-EF,Endcap,Sales floor,1,4,2,44,20.75,4,
G4-EF,Endcap,Sales floor,1,4,3,44,20.75,4,
G4-EB,Endcap,Sales floor,1,1,1,44,59.25,4,
G4-EB,Endcap,Sales floor,1,1,2,44,59.25,4,
G4-EB,Endcap,Sales floor,1,1,3,44,59.25,4,
G4-EB,Endcap,Sales floor,1,2,1,44,59.25,4,
G4-EB,Endcap,Sales floor,1,2,2,44,59.25,4,
G4-EB,Endcap,Sales floor,1,2,3,44,59.25,4,
G4-EB,Endcap,Sales floor,1,3,1,44,59.25,4,
G4-EB,Endcap,Sales floor,1,3,2,44,59.25,4,
G4-EB,Endcap,Sales floor,1,3,3,44,59.25,4,
G4-EB,Endcap,Sales floor,1,4,1,44,59.25,4,
G4-EB,Endcap,Sales floor,1,4,2,44,59.25,4,
G4-EB,Endcap,Sales floor,1,4,3,44,59.25,4,
CASE,Showcase,Sales floor,1,1,1,58,26.00,3,
CASE,Showcase,Sales floor,1,1,2,58,26.00,3,
CASE,Showcase,Sales floor,1,1,3,58,26.00,3,
CASE,Showcase,Sales floor,1,1,4,58,26.00,3,
CASE,Showcase,Sales floor,1,2,1,58,26.00,3,
CASE,Showcase,Sales floor,1,2,2,58,26.00,3,
CASE,Showcase,Sales floor,1,2,3,58,26.00,3,
CASE,Showcase,Sales floor,1,2,4,58,26.00,3,
CASE,Showcase,Sales floor,1,3,1,58,26.00,3,
CASE,Showcase,Sales floor,1,3,2,58,26.00,3,
CASE,Showcase,Sales floor,1,3,3,58,26.00,3,
CASE,Showcase,Sales floor,1,3,4,58,26.00,3,
CASE,Showcase,Sales floor,2,1,1,58,30.00,3,
CASE,Showcase,Sales floor,2,1,2,58,30.00,3,
CASE,Showcase,Sales floor,2,1,3,58,30.00,3,
CASE,Showcase,Sales floor,2,1,4,58,30.00,3,
CASE,Showcase,Sales floor,2,2,1,58,30.00,3,
CASE,Showcase,Sales floor,2,2,2,58,30.00,3,
CASE,Showcase,Sales floor,2,2,3,58,30.00,3,
CASE,Showcase,Sales floor,2,2,4,58,30.00,3,
CASE,Showcase,Sales floor,2,3,1,58,30.00,3,
CASE,Showcase,Sales floor,2,3,2,58,30.00,3,
CASE,Showcase,Sales floor,2,3,3,58,30.00,3,
CASE,Showcase,Sales floor,2,3,4,58,30.00,3,
CASE,Showcase,Sales floor,3,1,1,58,34.00,3,
CASE,Showcase,Sales floor,3,1,2,58,34.00,3,
CASE,Showcase,Sales floor,3,1,3,58,34.00,3,
CASE,Showcase,Sales floor,3,1,4,58,34.00,3,
CASE,Showcase,Sales floor,3,2,1,58,34.00,3,
CASE,Showcase,Sales floor,3,2,2,58,34.00,3,
CASE,Showcase,Sales floor,3,2,3,58,34.00,3,
CASE,Showcase,Sales floor,3,2,4,58,34.00,3,
CASE,Showcase,Sales floor,3,3,1,58,34.00,3,
CASE,Showcase,Sales floor,3,3,2,58,34.00,3,
CASE,Showcase,Sales floor,3,3,3,58,34.00,3,
CASE,Showcase,Sales floor,3,3,4,58,34.00,3,
CASE,Showcase,Sales floor,4,1,1,58,38.00,3,
CASE,Showcase,Sales floor,4,1,2,58,38.00,3,
CASE,Showcase,Sales floor,4,1,3,58,38.00,3,
CASE,Showcase,Sales floor,4,1,4,58,38.00,3,
CASE,Showcase,Sales floor,4,2,1,58,38.00,3,
CASE,Showcase,Sales floor,4,2,2,58,38.00,3,
CASE,Showcase,Sales floor,4,2,3,58,38.00,3,
CASE,Showcase,Sales floor,4,2,4,58,38.00,3,
CASE,Showcase,Sales floor,4,3,1,58,38.00,3,
CASE,Showcase,Sales floor,4,3,2,58,38.00,3,
CASE,Showcase,Sales floor,4,3,3,58,38.00,3,
CASE,Showcase,Sales floor,4,3,4,58,38.00,3,
CASE,Showcase,Sales floor,5,1,1,58,42.00,3,
CASE,Showcase,Sales floor,5,1,2,58,42.00,3,
CASE,Showcase,Sales floor,5,1,3,58,42.00,3,
CASE,Showcase,Sales floor,5,1,4,58,42.00,3,
CASE,Showcase,Sales floor,5,2,1,58,42.00,3,
CASE,Showcase,Sales floor,5,2,2,58,42.00,3,
CASE,Showcase,Sales floor,5,2,3,58,42.00,3,
CASE,Showcase,Sales floor,5,2,4,58,42.00,3,
CASE,Showcase,Sales floor,5,3,1,58,42.00,3,
CASE,Showcase,Sales floor,5,3,2,58,42.00,3,
CASE,Showcase,Sales floor,5,3,3,58,42.00,3,
CASE,Showcase,Sales floor,5,3,4,58,42.00,3,
CASE,Showcase,Sales floor,6,1,1,58,46.00,3,
CASE,Showcase,Sales floor,6,1,2,58,46.00,3,
CASE,Showcase,Sales floor,6,1,3,58,46.00,3,
CASE,Showcase,Sales floor,6,1,4,58,46.00,3,
CASE,Showcase,Sales floor,6,2,1,58,46.00,3,
CASE,Showcase,Sales floor,6,2,2,58,46.00,3,
CASE,Showcase,Sales floor,6,2,3,58,46.00,3,
CASE,Showcase,Sales floor,6,2,4,58,46.00,3,
CASE,Showcase,Sales floor,6,3,1,58,46.00,3,
CASE,Showcase,Sales floor,6,3,2,58,46.00,3,
CASE,Showcase,Sales floor,6,3,3,58,46.00,3,
CASE,Showcase,Sales floor,6,3,4,58,46.00,3,
IMP,Impulse rack,Sales floor,1,1,1,55.4,7.20,1.2,
IMP,Impulse rack,Sales floor,1,1,2,55.4,7.20,1.2,
IMP,Impulse rack,Sales floor,1,2,1,55.4,7.20,1.2,
IMP,Impulse rack,Sales floor,1,2,2,55.4,7.20,1.2,
IMP,Impulse rack,Sales floor,1,3,1,55.4,7.20,1.2,
IMP,Impulse rack,Sales floor,1,3,2,55.4,7.20,1.2,
IMP,Impulse rack,Sales floor,1,4,1,55.4,7.20,1.2,
IMP,Impulse rack,Sales floor,1,4,2,55.4,7.20,1.2,
IMP,Impulse rack,Sales floor,2,1,1,55.4,9.60,1.2,
IMP,Impulse rack,Sales floor,2,1,2,55.4,9.60,1.2,
IMP,Impulse rack,Sales floor,2,2,1,55.4,9.60,1.2,
IMP,Impulse rack,Sales floor,2,2,2,55.4,9.60,1.2,
IMP,Impulse rack,Sales floor,2,3,1,55.4,9.60,1.2,
IMP,Impulse rack,Sales floor,2,3,2,55.4,9.60,1.2,
IMP,Impulse rack,Sales floor,2,4,1,55.4,9.60,1.2,
IMP,Impulse rack,Sales floor,2,4,2,55.4,9.60,1.2,
IMP,Impulse rack,Sales floor,3,1,1,55.4,12.00,1.2,
IMP,Impulse rack,Sales floor,3,1,2,55.4,12.00,1.2,
IMP,Impulse rack,Sales floor,3,2,1,55.4,12.00,1.2,
IMP,Impulse rack,Sales floor,3,2,2,55.4,12.00,1.2,
IMP,Impulse rack,Sales floor,3,3,1,55.4,12.00,1.2,
IMP,Impulse rack,Sales floor,3,3,2,55.4,12.00,1.2,
IMP,Impulse rack,Sales floor,3,4,1,55.4,12.00,1.2,
IMP,Impulse rack,Sales floor,3,4,2,55.4,12.00,1.2,
IMP,Impulse rack,Sales floor,4,1,1,55.4,14.40,1.2,
IMP,Impulse rack,Sales floor,4,1,2,55.4,14.40,1.2,
IMP,Impulse rack,Sales floor,4,2,1,55.4,14.40,1.2,
IMP,Impulse rack,Sales floor,4,2,2,55.4,14.40,1.2,
IMP,Impulse rack,Sales floor,4,3,1,55.4,14.40,1.2,
IMP,Impulse rack,Sales floor,4,3,2,55.4,14.40,1.2,
IMP,Impulse rack,Sales floor,4,4,1,55.4,14.40,1.2,
IMP,Impulse rack,Sales floor,4,4,2,55.4,14.40,1.2,
IMP,Impulse rack,Sales floor,5,1,1,55.4,16.80,1.2,
IMP,Impulse rack,Sales floor,5,1,2,55.4,16.80,1.2,
IMP,Impulse rack,Sales floor,5,2,1,55.4,16.80,1.2,
IMP,Impulse rack,Sales floor,5,2,2,55.4,16.80,1.2,
IMP,Impulse rack,Sales floor,5,3,1,55.4,16.80,1.2,
IMP,Impulse rack,Sales floor,5,3,2,55.4,16.80,1.2,
IMP,Impulse rack,Sales floor,5,4,1,55.4,16.80,1.2,
IMP,Impulse rack,Sales floor,5,4,2,55.4,16.80,1.2,
SEAS-1,Seasonal table,Sales floor,1,1,1,30,10.50,4,
SEAS-1,Seasonal table,Sales floor,1,1,2,30,10.50,4,
SEAS-1,Seasonal table,Sales floor,1,1,3,30,10.50,4,
SEAS-1,Seasonal table,Sales floor,1,2,1,30,10.50,4,
SEAS-1,Seasonal table,Sales floor,1,2,2,30,10.50,4,
SEAS-1,Seasonal table,Sales floor,1,2,3,30,10.50,4,
SEAS-2,Seasonal table,Sales floor,1,1,1,40,10.50,4,
SEAS-2,Seasonal table,Sales floor,1,1,2,40,10.50,4,
SEAS-2,Seasonal table,Sales floor,1,1,3,40,10.50,4,
SEAS-2,Seasonal table,Sales floor,1,2,1,40,10.50,4,
SEAS-2,Seasonal table,Sales floor,1,2,2,40,10.50,4,
SEAS-2,Seasonal table,Sales floor,1,2,3,40,10.50,4,
RACK-1,Pallet rack,Stockroom,1,1,1,4,82.00,4,
RACK-1,Pallet rack,Stockroom,1,2,1,4,82.00,4,
RACK-1,Pallet rack,Stockroom,1,3,1,4,82.00,4,
RACK-1,Pallet rack,Stockroom,2,1,1,4,86.00,4,
RACK-1,Pallet rack,Stockroom,2,2,1,4,86.00,4,
RACK-1,Pallet rack,Stockroom,2,3,1,4,86.00,4,
RACK-1,Pallet rack,Stockroom,3,1,1,4,90.00,4,
RACK-1,Pallet rack,Stockroom,3,2,1,4,90.00,4,
RACK-1,Pallet rack,Stockroom,3,3,1,4,90.00,4,
RACK-1,Pallet rack,Stockroom,4,1,1,4,94.00,4,
RACK-1,Pallet rack,Stockroom,4,2,1,4,94.00,4,
RACK-1,Pallet rack,Stockroom,4,3,1,4,94.00,4,
RACK-1,Pallet rack,Stockroom,5,1,1,4,98.00,4,
RACK-1,Pallet rack,Stockroom,5,2,1,4,98.00,4,
RACK-1,Pallet rack,Stockroom,5,3,1,4,98.00,4,
RACK-2,Pallet rack,Stockroom,1,1,1,16,82.00,4,
RACK-2,Pallet rack,Stockroom,1,2,1,16,82.00,4,
RACK-2,Pallet rack,Stockroom,1,3,1,16,82.00,4,
RACK-2,Pallet rack,Stockroom,2,1,1,16,86.00,4,
RACK-2,Pallet rack,Stockroom,2,2,1,16,86.00,4,
RACK-2,Pallet rack,Stockroom,2,3,1,16,86.00,4,
RACK-2,Pallet rack,Stockroom,3,1,1,16,90.00,4,
RACK-2,Pallet rack,Stockroom,3,2,1,16,90.00,4,
RACK-2,Pallet rack,Stockroom,3,3,1,16,90.00,4,
RACK-2,Pallet rack,Stockroom,4,1,1,16,94.00,4,
RACK-2,Pallet rack,Stockroom,4,2,1,16,94.00,4,
RACK-2,Pallet rack,Stockroom,4,3,1,16,94.00,4,
RACK-2,Pallet rack,Stockroom,5,1,1,16,98.00,4,
RACK-2,Pallet rack,Stockroom,5,2,1,16,98.00,4,
RACK-2,Pallet rack,Stockroom,5,3,1,16,98.00,4,
SHELF-1,Back stock shelving,Stockroom,1,1,1,30,81.50,2,
SHELF-1,Back stock shelving,Stockroom,1,2,1,30,81.50,2,
SHELF-1,Back stock shelving,Stockroom,1,3,1,30,81.50,2,
SHELF-1,Back stock shelving,Stockroom,1,4,1,30,81.50,2,
SHELF-1,Back stock shelving,Stockroom,2,1,1,30,84.50,2,
SHELF-1,Back stock shelving,Stockroom,2,2,1,30,84.50,2,
SHELF-1,Back stock shelving,Stockroom,2,3,1,30,84.50,2,
SHELF-1,Back stock shelving,Stockroom,2,4,1,30,84.50,2,
SHELF-1,Back stock shelving,Stockroom,3,1,1,30,87.50,2,
SHELF-1,Back stock shelving,Stockroom,3,2,1,30,87.50,2,
SHELF-1,Back stock shelving,Stockroom,3,3,1,30,87.50,2,
SHELF-1,Back stock shelving,Stockroom,3,4,1,30,87.50,2,
SHELF-1,Back stock shelving,Stockroom,4,1,1,30,90.50,2,
SHELF-1,Back stock shelving,Stockroom,4,2,1,30,90.50,2,
SHELF-1,Back stock shelving,Stockroom,4,3,1,30,90.50,2,
SHELF-1,Back stock shelving,Stockroom,4,4,1,30,90.50,2,
SHELF-1,Back stock shelving,Stockroom,5,1,1,30,93.50,2,
SHELF-1,Back stock shelving,Stockroom,5,2,1,30,93.50,2,
SHELF-1,Back stock shelving,Stockroom,5,3,1,30,93.50,2,
SHELF-1,Back stock shelving,Stockroom,5,4,1,30,93.50,2,
SHELF-1,Back stock shelving,Stockroom,6,1,1,30,96.50,2,
SHELF-1,Back stock shelving,Stockroom,6,2,1,30,96.50,2,
SHELF-1,Back stock shelving,Stockroom,6,3,1,30,96.50,2,
SHELF-1,Back stock shelving,Stockroom,6,4,1,30,96.50,2,
SHELF-2,Back stock shelving,Stockroom,1,1,1,38,81.50,2,
SHELF-2,Back stock shelving,Stockroom,1,2,1,38,81.50,2,
SHELF-2,Back stock shelving,Stockroom,1,3,1,38,81.50,2,
SHELF-2,Back stock shelving,Stockroom,1,4,1,38,81.50,2,
SHELF-2,Back stock shelving,Stockroom,2,1,1,38,84.50,2,
SHELF-2,Back stock shelving,Stockroom,2,2,1,38,84.50,2,
SHELF-2,Back stock shelving,Stockroom,2,3,1,38,84.50,2,
SHELF-2,Back stock shelving,Stockroom,2,4,1,38,84.50,2,
SHELF-2,Back stock shelving,Stockroom,3,1,1,38,87.50,2,
SHELF-2,Back stock shelving,Stockroom,3,2,1,38,87.50,2,
SHELF-2,Back stock shelving,Stockroom,3,3,1,38,87.50,2,
SHELF-2,Back stock shelving,Stockroom,3,4,1,38,87.50,2,
SHELF-2,Back stock shelving,Stockroom,4,1,1,38,90.50,2,
SHELF-2,Back stock shelving,Stockroom,4,2,1,38,90.50,2,
SHELF-2,Back stock shelving,Stockroom,4,3,1,38,90.50,2,
SHELF-2,Back stock shelving,Stockroom,4,4,1,38,90.50,2,
SHELF-2,Back stock shelving,Stockroom,5,1,1,38,93.50,2,
SHELF-2,Back stock shelving,Stockroom,5,2,1,38,93.50,2,
SHELF-2,Back stock shelving,Stockroom,5,3,1,38,93.50,2,
SHELF-2,Back stock shelving,Stockroom,5,4,1,38,93.50,2,
SHELF-2,Back stock shelving,Stockroom,6,1,1,38,96.50,2,
SHELF-2,Back stock shelving,Stockroom,6,2,1,38,96.50,2,
SHELF-2,Back stock shelving,Stockroom,6,3,1,38,96.50,2,
SHELF-2,Back stock shelving,Stockroom,6,4,1,38,96.50,2,
ENT-1,Customer entrance,Storefront,1,,,35,0,,8
GOODS-1,Roll-up door,Back wall,1,,,42,110,,12
GOODS-2,Dock door 1,Back wall,1,,,52,110,,10
GOODS-3,Dock door 2,Back wall,1,,,62,110,,10
REG-1,Checkout register,Counter,1,,,58,8,,
REG-2,Checkout register,Counter,1,,,58,15,,
CTR-1,Service station,Counter,1,,,62,30,,
CTR-2,Service station,Counter,1,,,62,42,,
WRAP-1,Gift wrap station,Counter,1,,,58,52,,
